Au,Ag,Cu,Pt,Al,24-bit color,R,G,B
0.65,0.1,0.15,0.05,0.05,16773825,255,242,193
0.65,0.05,0.2,0.05,0.05,16771788,255,234,204
0.05,0.4,0.4,0.1,0.05,16771288,255,232,216
0.3,0.05,0.5,0.05,0.1,16771278,255,232,206
0.05,0.35,0.45,0.1,0.05,16770518,255,229,214
0.3,0.1,0.45,0.05,0.1,16770510,255,229,206
0.75,0.05,0.05,0.1,0.05,16573101,252,226,173
0.05,0.65,0.15,0.1,0.05,16380655,249,242,239
0.05,0.6,0.2,0.1,0.05,16379885,249,239,237
0.05,0.3,0.5,0.1,0.05,16377297,249,229,209
0.7,0.1,0.05,0.1,0.05,16377266,249,229,178
0.3,0.15,0.4,0.05,0.1,16376536,249,226,216
0.05,0.25,0.55,0.1,0.05,16376524,249,226,204
0.05,0.2,0.6,0.1,0.05,16376006,249,224,198
0.8,0.05,0.05,0.05,0.05,16375983,249,224,175
0.05,0.15,0.65,0.1,0.05,16374724,249,219,196
0.05,0.75,0.05,0.1,0.05,16249583,247,242,239
0.1,0.55,0.2,0.1,0.05,16248293,247,237,229
0.6,0.05,0.15,0.1,0.1,16248255,247,237,191
0.05,0.55,0.25,0.1,0.05,16247528,247,234,232
0.05,0.5,0.3,0.1,0.05,16247010,247,232,226
0.05,0.45,0.35,0.1,0.05,16246240,247,229,224
0.3,0.2,0.35,0.05,0.1,16245462,247,226,214
0.65,0.15,0.05,0.1,0.05,16244911,247,224,175
0.65,0.1,0.1,0.1,0.05,16242349,247,214,173
0.05,0.65,0.1,0.05,0.15,16053480,244,244,232
0.05,0.7,0.1,0.1,0.05,16052973,244,242,237
0.05,0.8,0.05,0.05,0.05,16051690,244,237,234
0.05,0.7,0.05,0.05,0.15,16051682,244,237,226
0.1,0.45,0.3,0.1,0.05,16050395,244,232,219
0.6,0.2,0.1,0.05,0.05,16050374,244,232,198
0.55,0.2,0.15,0.05,0.05,16050357,244,232,181
0.1,0.4,0.35,0.1,0.05,16049627,244,229,219
0.55,0.15,0.2,0.05,0.05,16049589,244,229,181
0.55,0.1,0.25,0.05,0.05,16049586,244,229,178
0.25,0.1,0.5,0.05,0.1,16047576,244,221,216
0.3,0.25,0.3,0.05,0.1,16047566,244,221,206
0.05,0.1,0.7,0.1,0.05,16047561,244,221,201
0.25,0.15,0.45,0.05,0.1,16047059,244,219,211
0.1,0.65,0.05,0.15,0.05,15921898,242,242,234
0.1,0.6,0.1,0.15,0.05,15921128,242,239,232
0.1,0.55,0.15,0.15,0.05,15920613,242,237,229
0.1,0.7,0.1,0.05,0.05,15920613,242,237,229
0.05,0.75,0.1,0.05,0.05,15919848,242,234,232
0.05,0.55,0.2,0.15,0.05,15919845,242,234,229
0.1,0.5,0.2,0.15,0.05,15919842,242,234,226
0.1,0.65,0.15,0.05,0.05,15919842,242,234,226
0.05,0.5,0.25,0.15,0.05,15919333,242,232,229
0.05,0.7,0.15,0.05,0.05,15919333,242,232,229
0.6,0.25,0.05,0.05,0.05,15919292,242,232,188
0.05,0.65,0.2,0.05,0.05,15918562,242,229,226
0.1,0.5,0.25,0.1,0.05,15917275,242,224,219
0.1,0.4,0.4,0.05,0.05,15917272,242,224,216
0.1,0.35,0.4,0.1,0.05,15917270,242,224,214
0.6,0.05,0.1,0.2,0.05,15917239,242,224,183
0.65,0.05,0.05,0.2,0.05,15917239,242,224,183
0.6,0.2,0.05,0.1,0.05,15917231,242,224,175
0.1,0.3,0.45,0.1,0.05,15916499,242,221,211
0.3,0.3,0.25,0.05,0.1,15916494,242,221,206
0.7,0.05,0.05,0.15,0.05,15916469,242,221,181
0.25,0.3,0.3,0.05,0.1,15915985,242,219,209
0.25,0.25,0.35,0.05,0.1,15915214,242,216,206
0.25,0.2,0.4,0.05,0.1,15914700,242,214,204
0.3,0.05,0.4,0.1,0.15,15914689,242,214,193
0.25,0.05,0.55,0.05,0.1,15913934,242,211,206
0.6,0.05,0.25,0.05,0.05,15912601,242,206,153
0.6,0.15,0.1,0.1,0.05,15912580,242,206,132
0.15,0.6,0.05,0.15,0.05,15724517,239,239,229
0.05,0.65,0.1,0.15,0.05,15724005,239,237,229
0.05,0.7,0.05,0.15,0.05,15724005,239,237,229
0.2,0.65,0.05,0.05,0.05,15724005,239,237,229
0.15,0.7,0.05,0.05,0.05,15724002,239,237,226
0.25,0.5,0.05,0.15,0.05,15723997,239,237,221
0.05,0.6,0.15,0.15,0.05,15723234,239,234,226
0.15,0.65,0.1,0.05,0.05,15723232,239,234,224
0.35,0.4,0.05,0.15,0.05,15723217,239,234,209
0.4,0.3,0.05,0.2,0.05,15723204,239,234,196
0.05,0.4,0.35,0.15,0.05,15722722,239,232,226
0.05,0.45,0.3,0.15,0.05,15722722,239,232,226
0.1,0.45,0.25,0.15,0.05,15722720,239,232,224
0.15,0.6,0.15,0.05,0.05,15722717,239,232,221
0.05,0.65,0.15,0.05,0.1,15722715,239,232,219
0.4,0.45,0.05,0.05,0.05,15722700,239,232,204
0.5,0.35,0.05,0.05,0.05,15722684,239,232,188
0.05,0.3,0.45,0.15,0.05,15721952,239,229,224
0.05,0.35,0.4,0.15,0.05,15721952,239,229,224
0.1,0.75,0.05,0.05,0.05,15721952,239,229,224
0.1,0.4,0.3,0.15,0.05,15721949,239,229,221
0.1,0.6,0.2,0.05,0.05,15721949,239,229,221
0.15,0.55,0.2,0.05,0.05,15721949,239,229,221
0.1,0.55,0.25,0.05,0.05,15721947,239,229,219
0.05,0.55,0.05,0.1,0.25,15721937,239,229,209
0.6,0.1,0.05,0.2,0.05,15721914,239,229,186
0.05,0.05,0.7,0.15,0.05,15721181,239,226,221
0.05,0.2,0.55,0.15,0.05,15721181,239,226,221
0.05,0.25,0.5,0.15,0.05,15721181,239,226,221
0.1,0.35,0.35,0.15,0.05,15721179,239,226,219
0.1,0.5,0.3,0.05,0.05,15721176,239,226,216
0.25,0.4,0.2,0.05,0.1,15721174,239,226,214
0.25,0.45,0.15,0.05,0.1,15721171,239,226,211
0.2,0.45,0.25,0.05,0.05,15721166,239,226,206
0.1,0.3,0.4,0.15,0.05,15720667,239,224,219
0.1,0.45,0.35,0.05,0.05,15720662,239,224,214
0.3,0.35,0.2,0.05,0.1,15720662,239,224,214
0.25,0.5,0.1,0.05,0.1,15720654,239,224,206
0.2,0.4,0.3,0.05,0.05,15720649,239,224,201
0.1,0.35,0.45,0.05,0.05,15719894,239,221,214
0.25,0.35,0.25,0.05,0.1,15719891,239,221,211
0.6,0.15,0.05,0.15,0.05,15719861,239,221,181
0.1,0.25,0.5,0.1,0.05,15719374,239,219,206
0.1,0.2,0.55,0.1,0.05,15718606,239,216,206
0.25,0.05,0.45,0.1,0.15,15717324,239,211,204
0.3,0.1,0.35,0.1,0.15,15717311,239,211,191
0.7,0.05,0.1,0.1,0.05,15715478,239,204,150
0.3,0.05,0.45,0.05,0.15,15713985,239,198,193
0.05,0.75,0.05,0.05,0.1,15593440,237,239,224
0.1,0.7,0.05,0.05,0.1,15593440,237,239,224
0.05,0.7,0.1,0.05,0.1,15592925,237,237,221
0.3,0.55,0.05,0.05,0.05,15592920,237,237,216
0.3,0.45,0.05,0.15,0.05,15592915,237,237,211
0.05,0.55,0.05,0.25,0.1,15592162,237,234,226
0.1,0.55,0.1,0.2,0.05,15592162,237,234,226
0.15,0.5,0.1,0.2,0.05,15592160,237,234,224
0.1,0.65,0.1,0.05,0.1,15592155,237,234,219
0.25,0.45,0.05,0.2,0.05,15592152,237,234,216
0.3,0.4,0.05,0.2,0.05,15592150,237,234,214
0.35,0.5,0.05,0.05,0.05,15592145,237,234,209
0.35,0.35,0.05,0.2,0.05,15592142,237,234,206
0.4,0.35,0.05,0.15,0.05,15592140,237,234,204
0.05,0.45,0.15,0.25,0.1,15591648,237,232,224
0.05,0.5,0.1,0.25,0.1,15591648,237,232,224
0.45,0.25,0.05,0.2,0.05,15591622,237,232,198
0.45,0.4,0.05,0.05,0.05,15591622,237,232,198
0.45,0.3,0.05,0.15,0.05,15591617,237,232,193
0.5,0.25,0.05,0.15,0.05,15591617,237,232,193
0.5,0.2,0.05,0.2,0.05,15591615,237,232,191
0.05,0.5,0.3,0.05,0.1,15590875,237,229,219
0.05,0.5,0.2,0.2,0.05,15590109,237,226,221
0.05,0.1,0.65,0.15,0.05,15590107,237,226,219
0.05,0.15,0.6,0.15,0.05,15590107,237,226,219
0.55,0.1,0.05,0.25,0.05,15590076,237,226,188
0.55,0.3,0.05,0.05,0.05,15590076,237,226,188
0.1,0.25,0.45,0.15,0.05,15589592,237,224,216
0.55,0.25,0.1,0.05,0.05,15589554,237,224,178
0.1,0.2,0.5,0.15,0.05,15588822,237,221,214
0.2,0.35,0.35,0.05,0.05,15588806,237,221,198
0.55,0.05,0.05,0.25,0.1,15588794,237,221,186
0.15,0.5,0.25,0.05,0.05,15588307,237,219,211
0.05,0.15,0.65,0.05,0.1,15588302,237,219,206
0.2,0.45,0.2,0.05,0.1,15588294,237,219,198
0.2,0.3,0.4,0.05,0.05,15588289,237,219,193
0.15,0.4,0.35,0.05,0.05,15587537,237,216,209
0.15,0.45,0.3,0.05,0.05,15587537,237,216,209
0.05,0.2,0.65,0.05,0.05,15587534,237,216,206
0.15,0.35,0.4,0.05,0.05,15587534,237,216,206
0.05,0.1,0.7,0.05,0.1,15587532,237,216,204
0.05,0.15,0.7,0.05,0.05,15587532,237,216,204
0.15,0.15,0.6,0.05,0.05,15587532,237,216,204
0.05,0.05,0.75,0.05,0.1,15587529,237,216,201
0.2,0.25,0.45,0.05,0.05,15587519,237,216,191
0.6,0.05,0.05,0.25,0.05,15587519,237,216,191
0.65,0.1,0.05,0.15,0.05,15587498,237,216,170
0.15,0.3,0.45,0.05,0.05,15587022,237,214,206
0.1,0.15,0.6,0.1,0.05,15587020,237,214,204
0.15,0.1,0.65,0.05,0.05,15587020,237,214,204
0.15,0.2,0.55,0.05,0.05,15587020,237,214,204
0.15,0.25,0.5,0.05,0.05,15587020,237,214,204
0.05,0.25,0.55,0.05,0.1,15587017,237,214,201
0.05,0.2,0.6,0.05,0.1,15587014,237,214,198
0.2,0.4,0.25,0.05,0.1,15587009,237,214,193
0.2,0.2,0.5,0.05,0.05,15587004,237,214,188
0.1,0.1,0.65,0.1,0.05,15586249,237,211,201
0.15,0.05,0.7,0.05,0.05,15586249,237,211,201
0.25,0.1,0.4,0.1,0.15,15586249,237,211,201
0.2,0.35,0.3,0.05,0.1,15586239,237,211,191
0.3,0.15,0.3,0.1,0.15,15586236,237,211,188
0.2,0.15,0.55,0.05,0.05,15586231,237,211,183
0.6,0.1,0.1,0.15,0.05,15586223,237,211,175
0.2,0.3,0.35,0.05,0.1,15585729,237,209,193
0.65,0.05,0.1,0.15,0.05,15584938,237,206,170
0.05,0.6,0.05,0.1,0.2,15395549,234,234,221
0.4,0.25,0.05,0.25,0.05,15395014,234,232,198
0.05,0.35,0.25,0.25,0.1,15394269,234,229,221
0.05,0.4,0.2,0.25,0.1,15394269,234,229,221
0.05,0.4,0.3,0.2,0.05,15394269,234,229,221
0.1,0.35,0.3,0.2,0.05,15394267,234,229,219
0.2,0.6,0.05,0.05,0.1,15394264,234,229,216
0.1,0.6,0.15,0.05,0.1,15394259,234,229,211
0.45,0.2,0.05,0.25,0.05,15394244,234,229,196
0.05,0.3,0.4,0.2,0.05,15393499,234,226,219
0.05,0.35,0.35,0.2,0.05,15393499,234,226,219
0.1,0.3,0.35,0.2,0.05,15393499,234,226,219
0.05,0.6,0.2,0.05,0.1,15393494,234,226,214
0.2,0.55,0.1,0.05,0.1,15393491,234,226,211
0.2,0.55,0.05,0.15,0.05,15393481,234,226,201
0.3,0.3,0.1,0.25,0.05,15393476,234,226,196
0.4,0.15,0.05,0.35,0.05,15393476,234,226,196
0.55,0.2,0.05,0.1,0.1,15393466,234,226,186
0.05,0.65,0.1,0.1,0.1,15392989,234,224,221
0.05,0.25,0.45,0.2,0.05,15392987,234,224,219
0.05,0.6,0.15,0.1,0.1,15392987,234,224,219
0.1,0.55,0.05,0.25,0.05,15392984,234,224,216
0.05,0.25,0.5,0.05,0.15,15392979,234,224,211
0.05,0.3,0.45,0.05,0.15,15392979,234,224,211
0.05,0.45,0.35,0.05,0.1,15392979,234,224,211
0.1,0.55,0.2,0.05,0.1,15392979,234,224,211
0.5,0.1,0.05,0.3,0.05,15392966,234,224,198
0.25,0.6,0.05,0.05,0.05,15392956,234,224,188
0.05,0.4,0.4,0.05,0.1,15392211,234,221,211
0.05,0.15,0.6,0.05,0.15,15392209,234,221,209
0.05,0.2,0.55,0.05,0.15,15392209,234,221,209
0.2,0.5,0.15,0.05,0.1,15392209,234,221,209
0.55,0.15,0.1,0.1,0.1,15392196,234,221,196
0.55,0.2,0.05,0.15,0.05,15392168,234,221,168
0.05,0.35,0.45,0.05,0.1,15391697,234,219,209
0.5,0.1,0.2,0.1,0.1,15391663,234,219,175
0.6,0.15,0.15,0.05,0.05,15390903,234,216,183
0.5,0.1,0.05,0.25,0.1,15390901,234,216,181
0.5,0.05,0.25,0.1,0.1,15390893,234,216,173
0.05,0.1,0.75,0.05,0.05,15390409,234,214,201
0.3,0.2,0.25,0.1,0.15,15390409,234,214,201
0.05,0.05,0.8,0.05,0.05,15390406,234,214,198
0.6,0.1,0.2,0.05,0.05,15390391,234,214,183
0.55,0.15,0.1,0.15,0.05,15389593,234,211,153
0.1,0.05,0.7,0.1,0.05,15389126,234,209,198
0.2,0.1,0.6,0.05,0.05,15389109,234,209,181
0.5,0.05,0.1,0.25,0.1,15389103,234,209,175
0.25,0.25,0.3,0.05,0.15,15388351,234,206,191
0.2,0.05,0.65,0.05,0.05,15388341,234,206,181
0.25,0.2,0.35,0.05,0.15,15387834,234,204,186
0.25,0.15,0.4,0.05,0.15,15386295,234,198,183
0.2,0.15,0.45,0.05,0.15,15386293,234,198,181
0.2,0.1,0.5,0.05,0.15,15385778,234,196,178
0.25,0.1,0.45,0.05,0.15,15385778,234,196,178
0.2,0.3,0.05,0.35,0.1,15263958,232,232,214
0.05,0.6,0.05,0.25,0.05,15263197,232,229,221
0.05,0.45,0.1,0.3,0.1,15263195,232,229,219
0.05,0.5,0.05,0.3,0.1,15263195,232,229,219
0.15,0.4,0.05,0.3,0.1,15263195,232,229,219
0.15,0.55,0.05,0.2,0.05,15263195,232,229,219
0.05,0.65,0.05,0.2,0.05,15262427,232,226,219
0.05,0.7,0.05,0.1,0.1,15262427,232,226,219
0.05,0.4,0.15,0.3,0.1,15262424,232,226,216
0.1,0.25,0.4,0.2,0.05,15262424,232,226,216
0.15,0.55,0.1,0.1,0.1,15262422,232,226,214
0.15,0.6,0.05,0.1,0.1,15262422,232,226,214
0.25,0.25,0.05,0.35,0.1,15262409,232,226,201
0.3,0.2,0.05,0.35,0.1,15262409,232,226,201
0.35,0.3,0.05,0.25,0.05,15262409,232,226,201
0.05,0.15,0.55,0.2,0.05,15261915,232,224,219
0.05,0.2,0.5,0.2,0.05,15261915,232,224,219
0.05,0.05,0.65,0.2,0.05,15261912,232,224,216
0.05,0.1,0.6,0.2,0.05,15261912,232,224,216
0.1,0.2,0.45,0.2,0.05,15261912,232,224,216
0.05,0.45,0.25,0.2,0.05,15261910,232,224,214
0.1,0.5,0.2,0.1,0.1,15261910,232,224,214
0.15,0.5,0.15,0.1,0.1,15261907,232,224,211
0.05,0.55,0.25,0.05,0.1,15261905,232,224,209
0.35,0.15,0.05,0.4,0.05,15261894,232,224,198
0.35,0.4,0.05,0.1,0.1,15261894,232,224,198
0.4,0.1,0.05,0.35,0.1,15261889,232,224,193
0.05,0.55,0.2,0.1,0.1,15261144,232,221,216
0.1,0.45,0.25,0.1,0.1,15261139,232,221,211
0.05,0.1,0.65,0.05,0.15,15261137,232,221,209
0.15,0.45,0.2,0.1,0.1,15261137,232,221,209
0.05,0.4,0.05,0.15,0.35,15261121,232,221,193
0.4,0.05,0.05,0.4,0.1,15261121,232,221,193
0.45,0.05,0.05,0.35,0.1,15261119,232,221,191
0.1,0.15,0.6,0.05,0.1,15260630,232,219,214
0.1,0.1,0.65,0.05,0.1,15260627,232,219,211
0.1,0.15,0.5,0.2,0.05,15260627,232,219,211
0.1,0.2,0.55,0.05,0.1,15260627,232,219,211
0.1,0.05,0.7,0.05,0.1,15260625,232,219,209
0.1,0.4,0.3,0.1,0.1,15260625,232,219,209
0.05,0.05,0.7,0.05,0.15,15260622,232,219,206
0.05,0.3,0.5,0.05,0.1,15260622,232,219,206
0.1,0.5,0.25,0.05,0.1,15260622,232,219,206
0.15,0.4,0.25,0.1,0.1,15260622,232,219,206
0.1,0.4,0.3,0.05,0.15,15260617,232,219,201
0.15,0.4,0.25,0.05,0.15,15260617,232,219,201
0.5,0.05,0.05,0.3,0.1,15260604,232,219,188
0.2,0.5,0.05,0.2,0.05,15260599,232,219,183
0.55,0.15,0.05,0.2,0.05,15260586,232,219,170
0.1,0.55,0.15,0.1,0.1,15259857,232,216,209
0.1,0.25,0.5,0.05,0.1,15259854,232,216,206
0.1,0.45,0.3,0.05,0.1,15259854,232,216,206
0.15,0.55,0.15,0.05,0.1,15259849,232,216,201
0.45,0.15,0.05,0.25,0.1,15259816,232,216,168
0.15,0.5,0.2,0.05,0.1,15259334,232,214,198
0.55,0.05,0.05,0.3,0.05,15259329,232,214,193
0.15,0.45,0.25,0.05,0.1,15258049,232,209,193
0.2,0.2,0.4,0.05,0.15,15255991,232,201,183
0.55,0.1,0.15,0.15,0.05,15255945,232,201,137
0.2,0.25,0.4,0.05,0.1,15255218,232,198,178
0.2,0.05,0.55,0.05,0.15,15252136,232,186,168
0.65,0.05,0.15,0.1,0.05,15247451,232,168,91
0.1,0.6,0.05,0.1,0.15,15066582,229,229,214
0.2,0.35,0.05,0.3,0.1,15066582,229,229,214
0.05,0.35,0.2,0.3,0.1,15065816,229,226,216
0.2,0.55,0.05,0.1,0.1,15065816,229,226,216
0.1,0.5,0.05,0.3,0.05,15065814,229,226,214
0.2,0.4,0.05,0.3,0.05,15065806,229,226,206
0.25,0.2,0.05,0.4,0.1,15065806,229,226,206
0.25,0.3,0.05,0.3,0.1,15065806,229,226,206
0.3,0.45,0.05,0.1,0.1,15065806,229,226,206
0.3,0.25,0.05,0.3,0.1,15065801,229,226,201
0.05,0.3,0.25,0.3,0.1,15065304,229,224,216
0.05,0.2,0.35,0.3,0.1,15065302,229,224,214
0.05,0.25,0.3,0.3,0.1,15065302,229,224,214
0.2,0.25,0.05,0.4,0.1,15065297,229,224,209
0.2,0.45,0.05,0.25,0.05,15065297,229,224,209
0.25,0.5,0.05,0.1,0.1,15065297,229,224,209
0.25,0.35,0.1,0.25,0.05,15065292,229,224,204
0.25,0.4,0.05,0.25,0.05,15065292,229,224,204
0.3,0.15,0.05,0.4,0.1,15065289,229,224,201
0.35,0.15,0.05,0.35,0.1,15065286,229,224,198
0.35,0.2,0.05,0.3,0.1,15065284,229,224,196
0.05,0.05,0.6,0.25,0.05,15064536,229,221,216
0.05,0.15,0.4,0.3,0.1,15064536,229,221,216
0.05,0.1,0.45,0.3,0.1,15064534,229,221,214
0.05,0.4,0.3,0.1,0.15,15064529,229,221,209
0.15,0.65,0.05,0.05,0.1,15064529,229,221,209
0.25,0.1,0.05,0.55,0.05,15064524,229,221,204
0.15,0.35,0.05,0.35,0.1,15064518,229,221,198
0.35,0.2,0.1,0.3,0.05,15064513,229,221,193
0.3,0.35,0.05,0.25,0.05,15064511,229,221,191
0.45,0.3,0.05,0.1,0.1,15064503,229,221,183
0.05,0.3,0.35,0.25,0.05,15064019,229,219,211
0.1,0.6,0.05,0.2,0.05,15064019,229,219,211
0.15,0.35,0.3,0.1,0.1,15064014,229,219,206
0.15,0.6,0.1,0.05,0.1,15064014,229,219,206
0.45,0.05,0.1,0.35,0.05,15064014,229,219,206
0.5,0.25,0.05,0.1,0.1,15063994,229,219,186
0.1,0.1,0.55,0.2,0.05,15063251,229,216,211
0.1,0.65,0.05,0.1,0.1,15063249,229,216,209
0.1,0.35,0.35,0.1,0.1,15063246,229,216,206
0.25,0.35,0.15,0.1,0.15,15063246,229,216,206
0.1,0.35,0.35,0.05,0.15,15063244,229,216,204
0.15,0.3,0.35,0.1,0.1,15063244,229,216,204
0.45,0.1,0.05,0.3,0.1,15063226,229,216,186
0.5,0.15,0.05,0.25,0.05,15063213,229,216,173
0.1,0.05,0.6,0.2,0.05,15062739,229,214,211
0.1,0.6,0.1,0.1,0.1,15062737,229,214,209
0.1,0.25,0.45,0.1,0.1,15062734,229,214,206
0.1,0.3,0.4,0.1,0.1,15062732,229,214,204
0.25,0.3,0.2,0.1,0.15,15062732,229,214,204
0.15,0.25,0.4,0.1,0.1,15062729,229,214,201
0.2,0.45,0.1,0.1,0.15,15062726,229,214,198
0.15,0.35,0.3,0.05,0.15,15062724,229,214,196
0.2,0.4,0.15,0.1,0.15,15062724,229,214,196
0.5,0.05,0.15,0.15,0.15,15062721,229,214,193
0.2,0.25,0.3,0.1,0.15,15061961,229,211,201
0.25,0.25,0.25,0.1,0.15,15061961,229,211,201
0.2,0.3,0.25,0.1,0.15,15061958,229,211,198
0.5,0.05,0.1,0.3,0.05,15061956,229,211,196
0.15,0.2,0.45,0.1,0.1,15061449,229,209,201
0.25,0.2,0.3,0.1,0.15,15061446,229,209,198
0.15,0.3,0.35,0.05,0.15,15061439,229,209,191
0.2,0.2,0.35,0.1,0.15,15060678,229,206,198
0.2,0.15,0.45,0.1,0.1,15060663,229,206,183
0.25,0.15,0.35,0.1,0.15,15059391,229,201,191
0.2,0.1,0.55,0.05,0.1,15058095,229,196,175
0.2,0.2,0.45,0.05,0.1,15058090,229,196,170
0.25,0.05,0.5,0.05,0.15,15056042,229,188,170
0.05,0.55,0.1,0.1,0.2,14869974,226,229,214
0.05,0.65,0.05,0.1,0.15,14869974,226,229,214
0.05,0.35,0.05,0.4,0.15,14869208,226,226,216
0.05,0.6,0.1,0.1,0.15,14869203,226,226,211
0.05,0.3,0.1,0.4,0.15,14868694,226,224,214
0.05,0.45,0.05,0.35,0.1,14868694,226,224,214
0.1,0.4,0.05,0.35,0.1,14868691,226,224,211
0.1,0.45,0.05,0.35,0.05,14868691,226,224,211
0.15,0.15,0.05,0.5,0.15,14868689,226,224,209
0.1,0.55,0.1,0.1,0.15,14868686,226,224,206
0.25,0.15,0.05,0.45,0.1,14868684,226,224,204
0.05,0.05,0.5,0.3,0.1,14867926,226,221,214
0.05,0.2,0.3,0.35,0.1,14867926,226,221,214
0.1,0.45,0.05,0.3,0.1,14867926,226,221,214
0.1,0.45,0.15,0.25,0.05,14867926,226,221,214
0.05,0.15,0.35,0.35,0.1,14867923,226,221,211
0.05,0.25,0.15,0.4,0.15,14867923,226,221,211
0.05,0.55,0.05,0.3,0.05,14867921,226,221,209
0.15,0.4,0.15,0.25,0.05,14867921,226,221,209
0.05,0.45,0.05,0.15,0.3,14867918,226,221,206
0.15,0.4,0.05,0.35,0.05,14867918,226,221,206
0.2,0.4,0.1,0.25,0.05,14867918,226,221,206
0.25,0.1,0.05,0.5,0.1,14867916,226,221,204
0.25,0.35,0.05,0.3,0.05,14867916,226,221,204
0.3,0.3,0.05,0.3,0.05,14867908,226,221,196
0.4,0.35,0.05,0.1,0.1,14867905,226,221,193
0.05,0.2,0.2,0.4,0.15,14867411,226,219,211
0.05,0.3,0.2,0.35,0.1,14867411,226,219,211
0.1,0.35,0.1,0.35,0.1,14867411,226,219,211
0.05,0.25,0.25,0.35,0.1,14867409,226,219,209
0.05,0.5,0.2,0.1,0.15,14867406,226,219,206
0.15,0.05,0.05,0.7,0.05,14867406,226,219,206
0.3,0.05,0.05,0.5,0.1,14867404,226,219,204
0.05,0.35,0.4,0.05,0.15,14867401,226,219,201
0.1,0.5,0.15,0.1,0.15,14867401,226,219,201
0.15,0.5,0.05,0.25,0.05,14867396,226,219,196
0.35,0.25,0.05,0.3,0.05,14867391,226,219,191
0.4,0.2,0.05,0.3,0.05,14867388,226,219,188
0.45,0.15,0.05,0.3,0.05,14867383,226,219,183
0.4,0.15,0.05,0.3,0.1,14867381,226,219,181
0.05,0.25,0.4,0.25,0.05,14866641,226,216,209
0.05,0.5,0.15,0.15,0.15,14866641,226,216,209
0.05,0.35,0.35,0.1,0.15,14866636,226,216,204
0.35,0.05,0.05,0.45,0.1,14866630,226,216,198
0.15,0.45,0.05,0.3,0.05,14866623,226,216,191
0.45,0.1,0.1,0.3,0.05,14866618,226,216,186
0.05,0.1,0.55,0.25,0.05,14866121,226,214,201
0.1,0.45,0.2,0.1,0.15,14866118,226,214,198
0.5,0.1,0.1,0.15,0.15,14866101,226,214,181
0.5,0.2,0.1,0.1,0.1,14866093,226,214,173
0.1,0.3,0.4,0.05,0.15,14865350,226,211,198
0.05,0.25,0.05,0.2,0.45,14865330,226,211,178
0.5,0.15,0.15,0.1,0.1,14865320,226,211,168
0.05,0.05,0.65,0.1,0.15,14864838,226,209,198
0.2,0.35,0.2,0.1,0.15,14864831,226,209,191
0.25,0.05,0.35,0.15,0.2,14864073,226,206,201
0.15,0.05,0.6,0.1,0.1,14864070,226,206,198
0.15,0.1,0.55,0.1,0.1,14864070,226,206,198
0.15,0.15,0.5,0.1,0.1,14864070,226,206,198
0.15,0.35,0.25,0.1,0.15,14864063,226,206,191
0.15,0.25,0.4,0.05,0.15,14863548,226,204,188
0.2,0.1,0.5,0.1,0.1,14863541,226,204,181
0.2,0.25,0.35,0.05,0.15,14862783,226,201,191
0.2,0.05,0.55,0.1,0.1,14862773,226,201,181
0.15,0.4,0.3,0.05,0.1,14862015,226,198,191
0.15,0.2,0.45,0.05,0.15,14862010,226,198,186
0.2,0.15,0.4,0.1,0.15,14862007,226,198,183
0.2,0.05,0.6,0.05,0.1,14860717,226,193,173
0.2,0.15,0.5,0.05,0.1,14860200,226,191,168
0.6,0.05,0.15,0.15,0.05,14856818,226,178,114
0.05,0.1,0.4,0.35,0.1,14736851,224,221,211
0.05,0.25,0.1,0.45,0.15,14736851,224,221,211
0.05,0.3,0.05,0.45,0.15,14736851,224,221,211
0.1,0.15,0.05,0.55,0.15,14736849,224,221,209
0.1,0.35,0.05,0.4,0.1,14736849,224,221,209
0.15,0.1,0.05,0.55,0.15,14736846,224,221,206
0.15,0.3,0.05,0.4,0.1,14736846,224,221,206
0.2,0.1,0.05,0.5,0.15,14736846,224,221,206
0.2,0.35,0.05,0.35,0.05,14736841,224,221,201
0.05,0.05,0.45,0.35,0.1,14736339,224,219,211
0.05,0.5,0.05,0.35,0.05,14736337,224,219,209
0.05,0.55,0.1,0.25,0.05,14736337,224,219,209
0.05,0.6,0.05,0.15,0.15,14736337,224,219,209
0.1,0.1,0.05,0.6,0.15,14736337,224,219,209
0.05,0.55,0.15,0.1,0.15,14736334,224,219,206
0.1,0.5,0.1,0.25,0.05,14736334,224,219,206
0.15,0.05,0.05,0.6,0.15,14736334,224,219,206
0.15,0.05,0.05,0.65,0.1,14736334,224,219,206
0.2,0.5,0.05,0.1,0.15,14736334,224,219,206
0.1,0.2,0.05,0.5,0.15,14736332,224,219,204
0.15,0.25,0.1,0.4,0.1,14736332,224,219,204
0.15,0.2,0.05,0.5,0.1,14736329,224,219,201
0.15,0.35,0.05,0.4,0.05,14736329,224,219,201
0.2,0.2,0.05,0.45,0.1,14736329,224,219,201
0.25,0.05,0.05,0.5,0.15,14736329,224,219,201
0.25,0.25,0.15,0.3,0.05,14736326,224,219,198
0.05,0.45,0.05,0.4,0.05,14735569,224,216,209
0.3,0.1,0.05,0.5,0.05,14735556,224,216,196
0.3,0.25,0.1,0.3,0.05,14735553,224,216,193
0.35,0.1,0.05,0.4,0.1,14735548,224,216,188
0.05,0.45,0.2,0.15,0.15,14735057,224,214,209
0.05,0.2,0.45,0.25,0.05,14735054,224,214,206
0.05,0.05,0.6,0.1,0.2,14735049,224,214,201
0.05,0.1,0.55,0.1,0.2,14735049,224,214,201
0.05,0.15,0.5,0.1,0.2,14735049,224,214,201
0.05,0.3,0.4,0.1,0.15,14735049,224,214,201
0.05,0.45,0.25,0.1,0.15,14735049,224,214,201
0.15,0.4,0.15,0.15,0.15,14735046,224,214,198
0.1,0.4,0.05,0.4,0.05,14735039,224,214,191
0.05,0.25,0.45,0.1,0.15,14734281,224,211,201
0.1,0.3,0.3,0.15,0.15,14734281,224,211,201
0.1,0.4,0.25,0.1,0.15,14734278,224,211,198
0.35,0.05,0.05,0.4,0.15,14734266,224,211,186
0.4,0.1,0.1,0.3,0.1,14734250,224,211,170
0.1,0.35,0.3,0.1,0.15,14733766,224,209,198
0.05,0.05,0.7,0.1,0.1,14733764,224,209,196
0.1,0.4,0.35,0.05,0.1,14733764,224,209,196
0.15,0.45,0.15,0.1,0.15,14733761,224,209,193
0.2,0.35,0.25,0.05,0.15,14733759,224,209,191
0.55,0.1,0.15,0.1,0.1,14733749,224,209,181
0.45,0.05,0.2,0.15,0.15,14733741,224,209,173
0.15,0.4,0.2,0.1,0.15,14732993,224,206,193
0.05,0.1,0.6,0.1,0.15,14732991,224,206,191
0.55,0.05,0.2,0.1,0.1,14732469,224,204,181
0.25,0.1,0.3,0.15,0.2,14731713,224,201,193
0.15,0.15,0.5,0.05,0.15,14731711,224,201,191
0.15,0.35,0.35,0.05,0.1,14730945,224,198,193
0.2,0.3,0.3,0.05,0.15,14730940,224,198,188
0.2,0.2,0.3,0.1,0.2,14730935,224,198,183
0.2,0.15,0.35,0.1,0.2,14730421,224,196,181
0.15,0.3,0.3,0.1,0.15,14729653,224,193,181
0.2,0.05,0.45,0.1,0.2,14729650,224,193,178
0.2,0.1,0.4,0.1,0.2,14729650,224,193,178
0.25,0.1,0.35,0.1,0.2,14729650,224,193,178
0.2,0.1,0.45,0.1,0.15,14728365,224,188,173
0.1,0.25,0.05,0.45,0.15,14540241,221,221,209
0.05,0.5,0.05,0.15,0.25,14540238,221,221,206
0.15,0.2,0.05,0.45,0.15,14540238,221,221,206
0.05,0.05,0.05,0.65,0.2,14539729,221,219,209
0.05,0.2,0.15,0.45,0.15,14539729,221,219,209
0.05,0.25,0.05,0.5,0.15,14539726,221,219,206
0.05,0.3,0.05,0.5,0.1,14539726,221,219,206
0.1,0.05,0.05,0.65,0.15,14539726,221,219,206
0.1,0.2,0.05,0.55,0.1,14539726,221,219,206
0.1,0.35,0.05,0.45,0.05,14539721,221,219,201
0.15,0.25,0.05,0.45,0.1,14539721,221,219,201
0.2,0.15,0.05,0.45,0.15,14539718,221,219,198
0.2,0.35,0.1,0.3,0.05,14539718,221,219,198
0.25,0.4,0.05,0.15,0.15,14539718,221,219,198
0.05,0.15,0.2,0.45,0.15,14538961,221,216,209
0.05,0.55,0.1,0.15,0.15,14538961,221,216,209
0.05,0.1,0.25,0.45,0.15,14538958,221,216,206
0.05,0.2,0.05,0.55,0.15,14538958,221,216,206
0.05,0.4,0.05,0.45,0.05,14538958,221,216,206
0.1,0.45,0.1,0.3,0.05,14538958,221,216,206
0.1,0.25,0.05,0.5,0.1,14538956,221,216,204
0.1,0.4,0.1,0.35,0.05,14538956,221,216,204
0.2,0.05,0.05,0.55,0.15,14538950,221,216,198
0.2,0.15,0.05,0.5,0.1,14538948,221,216,196
0.3,0.1,0.05,0.45,0.1,14538945,221,216,193
0.3,0.35,0.05,0.15,0.15,14538945,221,216,193
0.05,0.05,0.3,0.45,0.15,14538446,221,214,206
0.05,0.35,0.05,0.45,0.1,14538446,221,214,206
0.05,0.4,0.05,0.4,0.1,14538446,221,214,206
0.15,0.55,0.05,0.1,0.15,14538441,221,214,201
0.1,0.3,0.05,0.5,0.05,14538438,221,214,198
0.1,0.3,0.05,0.45,0.1,14538436,221,214,196
0.15,0.45,0.1,0.25,0.05,14538431,221,214,191
0.25,0.3,0.1,0.3,0.05,14538428,221,214,188
0.3,0.1,0.05,0.4,0.15,14538423,221,214,183
0.4,0.25,0.05,0.15,0.15,14538421,221,214,181
0.1,0.05,0.6,0.1,0.15,14537676,221,211,204
0.05,0.15,0.5,0.25,0.05,14537673,221,211,201
0.15,0.5,0.1,0.1,0.15,14537670,221,211,198
0.05,0.2,0.5,0.1,0.15,14537668,221,211,196
0.2,0.4,0.05,0.15,0.2,14537668,221,211,196
0.15,0.35,0.2,0.15,0.15,14537665,221,211,193
0.05,0.3,0.05,0.2,0.4,14537663,221,211,191
0.3,0.05,0.05,0.45,0.15,14537660,221,211,188
0.2,0.45,0.05,0.15,0.15,14537653,221,211,181
0.45,0.2,0.05,0.15,0.15,14537653,221,211,181
0.1,0.1,0.55,0.1,0.15,14537161,221,209,201
0.1,0.5,0.1,0.15,0.15,14537161,221,209,201
0.1,0.55,0.05,0.15,0.15,14537161,221,209,201
0.1,0.15,0.5,0.1,0.15,14537158,221,209,198
0.1,0.25,0.35,0.15,0.15,14537158,221,209,198
0.05,0.15,0.55,0.1,0.15,14537156,221,209,196
0.1,0.3,0.3,0.1,0.2,14537153,221,209,193
0.15,0.3,0.25,0.1,0.2,14537151,221,209,191
0.15,0.3,0.25,0.15,0.15,14537151,221,209,191
0.15,0.25,0.3,0.15,0.15,14537148,221,209,188
0.15,0.4,0.1,0.3,0.05,14537141,221,209,181
0.1,0.15,0.45,0.15,0.15,14536390,221,206,198
0.1,0.2,0.4,0.15,0.15,14536390,221,206,198
0.1,0.35,0.25,0.15,0.15,14536390,221,206,198
0.1,0.4,0.2,0.15,0.15,14536390,221,206,198
0.1,0.45,0.15,0.15,0.15,14536390,221,206,198
0.1,0.35,0.4,0.05,0.1,14536385,221,206,193
0.15,0.2,0.35,0.15,0.15,14536378,221,206,186
0.15,0.1,0.45,0.15,0.15,14535876,221,204,196
0.15,0.2,0.5,0.05,0.1,14535873,221,204,193
0.1,0.2,0.5,0.05,0.15,14535871,221,204,191
0.1,0.25,0.35,0.1,0.2,14535868,221,204,188
0.1,0.3,0.45,0.05,0.1,14535868,221,204,188
0.15,0.25,0.3,0.1,0.2,14535868,221,204,188
0.15,0.15,0.4,0.15,0.15,14535863,221,204,183
0.15,0.1,0.6,0.05,0.1,14535105,221,201,193
0.15,0.15,0.55,0.05,0.1,14535103,221,201,191
0.15,0.25,0.45,0.05,0.1,14535103,221,201,191
0.15,0.1,0.55,0.05,0.15,14534335,221,198,191
0.15,0.3,0.4,0.05,0.1,14533820,221,196,188
0.25,0.05,0.4,0.1,0.2,14531757,221,188,173
0.05,0.5,0.1,0.15,0.2,14408652,219,219,204
0.05,0.55,0.05,0.15,0.2,14408652,219,219,204
0.1,0.5,0.05,0.15,0.2,14408652,219,219,204
0.05,0.15,0.15,0.5,0.15,14407886,219,216,206
0.05,0.25,0.05,0.55,0.1,14407886,219,216,206
0.05,0.35,0.05,0.2,0.35,14407884,219,216,204
0.1,0.25,0.15,0.4,0.1,14407884,219,216,204
0.15,0.15,0.05,0.55,0.1,14407878,219,216,198
0.2,0.3,0.15,0.3,0.05,14407878,219,216,198
0.25,0.1,0.05,0.45,0.15,14407873,219,216,193
0.05,0.05,0.05,0.8,0.05,14407372,219,214,204
0.05,0.1,0.05,0.65,0.15,14407372,219,214,204
0.05,0.05,0.25,0.5,0.15,14407369,219,214,201
0.05,0.15,0.05,0.6,0.15,14407369,219,214,201
0.05,0.2,0.05,0.6,0.1,14407369,219,214,201
0.05,0.45,0.1,0.35,0.05,14407369,219,214,201
0.05,0.5,0.1,0.3,0.05,14407369,219,214,201
0.05,0.45,0.15,0.15,0.2,14407366,219,214,198
0.1,0.45,0.1,0.15,0.2,14407366,219,214,198
0.15,0.2,0.1,0.45,0.1,14407366,219,214,198
0.15,0.35,0.1,0.35,0.05,14407366,219,214,198
0.2,0.1,0.05,0.55,0.1,14407364,219,214,196
0.2,0.3,0.1,0.35,0.05,14407364,219,214,196
0.35,0.3,0.05,0.15,0.15,14407356,219,214,188
0.05,0.1,0.35,0.4,0.1,14406604,219,211,204
0.05,0.4,0.2,0.15,0.2,14406596,219,211,196
0.25,0.05,0.05,0.55,0.1,14406596,219,211,196
0.05,0.35,0.05,0.5,0.05,14406593,219,211,193
0.1,0.3,0.1,0.4,0.1,14406593,219,211,193
0.1,0.4,0.15,0.15,0.2,14406593,219,211,193
0.25,0.25,0.1,0.35,0.05,14406591,219,211,191
0.3,0.2,0.1,0.35,0.05,14406588,219,211,188
0.4,0.2,0.1,0.15,0.15,14406578,219,211,178
0.05,0.4,0.15,0.2,0.2,14406089,219,209,201
0.05,0.05,0.55,0.3,0.05,14406086,219,209,198
0.05,0.25,0.35,0.15,0.2,14406084,219,209,196
0.2,0.35,0.1,0.15,0.2,14406079,219,209,191
0.2,0.25,0.2,0.15,0.2,14405313,219,206,193
0.45,0.15,0.1,0.15,0.15,14405301,219,206,181
0.45,0.05,0.1,0.2,0.2,14405295,219,206,175
0.1,0.3,0.35,0.1,0.15,14404801,219,204,193
0.15,0.05,0.5,0.15,0.15,14404801,219,204,193
0.2,0.2,0.25,0.15,0.2,14404801,219,204,193
0.25,0.2,0.2,0.15,0.2,14404801,219,204,193
0.2,0.3,0.15,0.15,0.2,14404796,219,204,188
0.15,0.05,0.65,0.05,0.1,14404033,219,201,193
0.2,0.15,0.3,0.15,0.2,14404031,219,201,191
0.1,0.15,0.55,0.05,0.15,14404028,219,201,188
0.15,0.3,0.2,0.15,0.2,14404028,219,201,188
0.05,0.1,0.05,0.25,0.55,14404003,219,201,163
0.15,0.2,0.35,0.1,0.2,14403258,219,198,186
0.15,0.25,0.25,0.15,0.2,14403258,219,198,186
0.2,0.1,0.35,0.15,0.2,14402751,219,196,191
0.15,0.05,0.6,0.05,0.15,14402748,219,196,188
0.15,0.15,0.4,0.1,0.2,14402743,219,196,183
0.45,0.05,0.1,0.3,0.1,14402707,219,196,147
0.2,0.05,0.4,0.15,0.2,14401980,219,193,188
0.05,0.05,0.1,0.6,0.2,14210764,216,214,204
0.05,0.1,0.2,0.5,0.15,14210764,216,214,204
0.05,0.05,0.05,0.7,0.15,14210761,216,214,201
0.05,0.15,0.05,0.65,0.1,14210761,216,214,201
0.1,0.05,0.05,0.6,0.2,14210758,216,214,198
0.05,0.3,0.15,0.4,0.1,14209996,216,211,204
0.05,0.05,0.1,0.65,0.15,14209993,216,211,201
0.05,0.15,0.1,0.55,0.15,14209993,216,211,201
0.05,0.2,0.1,0.55,0.1,14209993,216,211,201
0.05,0.25,0.1,0.5,0.1,14209993,216,211,201
0.05,0.45,0.1,0.2,0.2,14209993,216,211,201
0.05,0.45,0.15,0.3,0.05,14209993,216,211,201
0.05,0.5,0.05,0.2,0.2,14209993,216,211,201
0.1,0.2,0.1,0.5,0.1,14209990,216,211,198
0.1,0.25,0.1,0.45,0.1,14209990,216,211,198
0.1,0.4,0.1,0.2,0.2,14209990,216,211,198
0.1,0.4,0.15,0.3,0.05,14209990,216,211,198
0.1,0.45,0.05,0.2,0.2,14209990,216,211,198
0.15,0.4,0.05,0.2,0.2,14209990,216,211,198
0.15,0.15,0.1,0.5,0.1,14209988,216,211,196
0.15,0.35,0.15,0.3,0.05,14209988,216,211,196
0.15,0.1,0.1,0.55,0.1,14209985,216,211,193
0.15,0.3,0.1,0.4,0.05,14209985,216,211,193
0.15,0.3,0.15,0.35,0.05,14209985,216,211,193
0.05,0.4,0.2,0.3,0.05,14209484,216,209,204
0.05,0.05,0.4,0.4,0.1,14209481,216,209,201
0.1,0.35,0.15,0.35,0.05,14209478,216,209,198
0.2,0.2,0.2,0.35,0.05,14209471,216,209,191
0.2,0.25,0.15,0.35,0.05,14209471,216,209,191
0.1,0.35,0.1,0.4,0.05,14209468,216,209,188
0.15,0.3,0.2,0.3,0.05,14209468,216,209,188
0.25,0.2,0.15,0.35,0.05,14209468,216,209,188
0.4,0.15,0.05,0.2,0.2,14209466,216,209,186
0.05,0.35,0.2,0.2,0.2,14208713,216,206,201
0.05,0.4,0.1,0.4,0.05,14208713,216,206,201
0.05,0.3,0.1,0.45,0.1,14208710,216,206,198
0.05,0.35,0.1,0.4,0.1,14208710,216,206,198
0.15,0.45,0.05,0.15,0.2,14208708,216,206,196
0.05,0.2,0.4,0.15,0.2,14208705,216,206,193
0.05,0.25,0.4,0.1,0.2,14208705,216,206,193
0.05,0.35,0.25,0.15,0.2,14208705,216,206,193
0.05,0.2,0.45,0.1,0.2,14208703,216,206,191
0.1,0.35,0.2,0.15,0.2,14208703,216,206,191
0.35,0.2,0.05,0.2,0.2,14208690,216,206,178
0.1,0.3,0.25,0.15,0.2,14208193,216,204,193
0.15,0.4,0.1,0.15,0.2,14208193,216,204,193
0.1,0.2,0.4,0.1,0.2,14207423,216,201,191
0.15,0.35,0.15,0.15,0.2,14207423,216,201,191
0.1,0.25,0.45,0.05,0.15,14207420,216,201,188
0.45,0.1,0.15,0.15,0.15,14207397,216,201,165
0.1,0.15,0.45,0.1,0.2,14206655,216,198,191
0.25,0.05,0.25,0.2,0.25,14206655,216,198,191
0.1,0.1,0.6,0.05,0.15,14206652,216,198,188
0.25,0.15,0.25,0.15,0.2,14206652,216,198,188
0.15,0.25,0.35,0.1,0.15,14205370,216,193,186
0.15,0.2,0.3,0.15,0.2,14205367,216,193,183
0.15,0.1,0.45,0.1,0.2,14205365,216,193,181
0.2,0.1,0.3,0.15,0.25,14205365,216,193,181
0.2,0.05,0.35,0.15,0.25,14204850,216,191,178
0.2,0.05,0.5,0.1,0.15,14204069,216,188,165
0.05,0.1,0.05,0.6,0.2,14079689,214,214,201
0.05,0.4,0.05,0.2,0.3,14079686,214,214,198
0.05,0.45,0.05,0.2,0.25,14078916,214,211,196
0.1,0.3,0.1,0.45,0.05,14078913,214,211,193
0.05,0.05,0.15,0.6,0.15,14078406,214,209,198
0.05,0.1,0.1,0.6,0.15,14078406,214,209,198
0.05,0.35,0.1,0.45,0.05,14078406,214,209,198
0.05,0.05,0.5,0.15,0.25,14078404,214,209,196
0.05,0.15,0.1,0.6,0.1,14078404,214,209,196
0.05,0.3,0.05,0.55,0.05,14078404,214,209,196
0.1,0.1,0.1,0.6,0.1,14078404,214,209,196
0.1,0.15,0.1,0.55,0.1,14078404,214,209,196
0.1,0.2,0.15,0.45,0.1,14078404,214,209,196
0.2,0.35,0.05,0.2,0.2,14078401,214,209,193
0.25,0.3,0.05,0.2,0.2,14078396,214,209,188
0.05,0.15,0.45,0.15,0.2,14077633,214,206,193
0.25,0.15,0.15,0.4,0.05,14077626,214,206,186
0.3,0.25,0.05,0.2,0.2,14077623,214,206,183
0.1,0.35,0.15,0.2,0.2,14077126,214,204,198
0.1,0.35,0.2,0.3,0.05,14077124,214,204,196
0.05,0.3,0.3,0.15,0.2,14077121,214,204,193
0.05,0.1,0.5,0.15,0.2,14077119,214,204,191
0.1,0.3,0.15,0.4,0.05,14077111,214,204,183
0.05,0.15,0.05,0.25,0.5,14077106,214,204,178
0.35,0.15,0.1,0.2,0.2,14077103,214,204,175
0.05,0.4,0.15,0.35,0.05,14076353,214,201,193
0.1,0.1,0.4,0.2,0.2,14076353,214,201,193
0.1,0.3,0.2,0.2,0.2,14076353,214,201,193
0.1,0.25,0.3,0.15,0.2,14076351,214,201,191
0.1,0.25,0.4,0.1,0.15,14076348,214,201,188
0.1,0.15,0.35,0.2,0.2,14075583,214,198,191
0.1,0.2,0.3,0.2,0.2,14075583,214,198,191
0.1,0.25,0.25,0.2,0.2,14075583,214,198,191
0.15,0.05,0.55,0.1,0.15,14075583,214,198,191
0.15,0.1,0.35,0.2,0.2,14075573,214,198,181
0.1,0.05,0.65,0.05,0.15,14075068,214,196,188
0.15,0.05,0.4,0.2,0.2,14075061,214,196,181
0.15,0.2,0.4,0.1,0.15,14073786,214,191,186
0.15,0.05,0.5,0.1,0.2,14073013,214,188,181
0.15,0.15,0.35,0.15,0.2,14071725,214,183,173
0.05,0.4,0.1,0.2,0.25,13882305,211,211,193
0.05,0.1,0.15,0.55,0.15,13881796,211,209,196
0.1,0.4,0.05,0.2,0.25,13881793,211,209,193
0.05,0.1,0.1,0.65,0.1,13881028,211,206,196
0.05,0.2,0.15,0.5,0.1,13881028,211,206,196
0.05,0.25,0.15,0.45,0.1,13881028,211,206,196
0.05,0.4,0.05,0.25,0.25,13881025,211,206,193
0.1,0.05,0.15,0.6,0.1,13881025,211,206,193
0.1,0.1,0.2,0.5,0.1,13881025,211,206,193
0.1,0.15,0.15,0.5,0.1,13881025,211,206,193
0.05,0.2,0.05,0.25,0.45,13881023,211,206,191
0.05,0.35,0.15,0.2,0.25,13881023,211,206,191
0.1,0.1,0.15,0.55,0.1,13881023,211,206,191
0.1,0.25,0.1,0.5,0.05,13881023,211,206,191
0.1,0.25,0.15,0.45,0.05,13881023,211,206,191
0.1,0.35,0.05,0.25,0.25,13881023,211,206,191
0.1,0.35,0.1,0.2,0.25,13881023,211,206,191
0.15,0.25,0.2,0.35,0.05,13881023,211,206,191
0.15,0.25,0.15,0.4,0.05,13881020,211,206,188
0.2,0.2,0.15,0.4,0.05,13881018,211,206,186
0.05,0.3,0.15,0.25,0.25,13880513,211,204,193
0.05,0.3,0.15,0.45,0.05,13880513,211,204,193
0.05,0.35,0.1,0.25,0.25,13880513,211,204,193
0.05,0.15,0.15,0.55,0.1,13880511,211,204,191
0.05,0.15,0.35,0.2,0.25,13880511,211,204,191
0.05,0.05,0.55,0.15,0.2,13880508,211,204,188
0.05,0.3,0.1,0.5,0.05,13880508,211,204,188
0.1,0.3,0.1,0.25,0.25,13880508,211,204,188
0.1,0.3,0.15,0.2,0.25,13880508,211,204,188
0.2,0.15,0.2,0.4,0.05,13880506,211,204,186
0.05,0.35,0.15,0.4,0.05,13879748,211,201,196
0.05,0.25,0.2,0.25,0.25,13879745,211,201,193
0.15,0.35,0.05,0.2,0.25,13879745,211,201,193
0.1,0.25,0.15,0.25,0.25,13879738,211,201,186
0.2,0.25,0.1,0.2,0.25,13879738,211,201,186
0.35,0.05,0.1,0.25,0.25,13879738,211,201,186
0.4,0.1,0.1,0.2,0.2,13879730,211,201,178
0.1,0.05,0.45,0.2,0.2,13878975,211,198,191
0.1,0.2,0.35,0.15,0.2,13878972,211,198,188
0.15,0.3,0.1,0.2,0.25,13878972,211,198,188
0.2,0.2,0.15,0.2,0.25,13878972,211,198,188
0.1,0.15,0.4,0.15,0.2,13878458,211,196,186
0.15,0.25,0.15,0.2,0.25,13878458,211,196,186
0.1,0.15,0.35,0.15,0.25,13878455,211,196,183
0.1,0.2,0.45,0.1,0.15,13878455,211,196,183
0.15,0.15,0.3,0.15,0.25,13878455,211,196,183
0.15,0.1,0.5,0.1,0.15,13877692,211,193,188
0.15,0.2,0.2,0.2,0.25,13877687,211,193,183
0.15,0.15,0.25,0.2,0.25,13877682,211,193,178
0.15,0.1,0.35,0.15,0.25,13877173,211,191,181
0.15,0.1,0.3,0.2,0.25,13877170,211,191,178
0.15,0.15,0.45,0.1,0.15,13876407,211,188,183
0.15,0.1,0.4,0.15,0.2,13875880,211,186,168
0.05,0.2,0.2,0.45,0.1,13749444,209,204,196
0.05,0.1,0.15,0.6,0.1,13749441,209,204,193
0.05,0.05,0.15,0.65,0.1,13749439,209,204,191
0.05,0.25,0.1,0.55,0.05,13749439,209,204,191
0.1,0.25,0.25,0.35,0.05,13749439,209,204,191
0.15,0.2,0.2,0.4,0.05,13749434,209,204,186
0.05,0.3,0.25,0.35,0.05,13748673,209,201,193
0.1,0.2,0.2,0.25,0.25,13748671,209,201,191
0.05,0.1,0.4,0.2,0.25,13748668,209,201,188
0.05,0.25,0.25,0.2,0.25,13748668,209,201,188
0.1,0.2,0.15,0.5,0.05,13748668,209,201,188
0.1,0.2,0.2,0.45,0.05,13748668,209,201,188
0.1,0.25,0.2,0.4,0.05,13748668,209,201,188
0.05,0.1,0.45,0.15,0.25,13748666,209,201,186
0.2,0.1,0.2,0.45,0.05,13748666,209,201,186
0.1,0.3,0.2,0.35,0.05,13748663,209,201,183
0.15,0.3,0.05,0.25,0.25,13748658,209,201,178
0.05,0.15,0.4,0.15,0.25,13747900,209,198,188
0.1,0.1,0.3,0.25,0.25,13747900,209,198,188
0.1,0.15,0.25,0.25,0.25,13747900,209,198,188
0.1,0.25,0.2,0.2,0.25,13747895,209,198,183
0.35,0.1,0.05,0.25,0.25,13747887,209,198,175
0.05,0.35,0.2,0.35,0.05,13747388,209,196,188
0.2,0.15,0.2,0.2,0.25,13747388,209,196,188
0.1,0.1,0.4,0.15,0.25,13747386,209,196,186
0.1,0.2,0.25,0.2,0.25,13747383,209,196,183
0.4,0.05,0.15,0.2,0.2,13747378,209,196,178
0.1,0.05,0.45,0.15,0.25,13746618,209,193,186
0.1,0.05,0.55,0.1,0.2,13746618,209,193,186
0.1,0.1,0.45,0.15,0.2,13746618,209,193,186
0.2,0.1,0.25,0.2,0.25,13746618,209,193,186
0.2,0.05,0.3,0.2,0.25,13745338,209,188,186
0.15,0.05,0.4,0.15,0.25,13745333,209,188,181
0.15,0.05,0.35,0.2,0.25,13745327,209,188,175
0.05,0.25,0.05,0.25,0.4,13553345,206,206,193
0.05,0.3,0.05,0.25,0.35,13553343,206,206,191
0.05,0.3,0.1,0.25,0.3,13552828,206,204,188
0.05,0.35,0.05,0.25,0.3,13552828,206,204,188
0.1,0.3,0.05,0.25,0.3,13552826,206,204,186
0.05,0.05,0.2,0.6,0.1,13552060,206,201,188
0.05,0.1,0.2,0.55,0.1,13552060,206,201,188
0.05,0.15,0.2,0.5,0.1,13552060,206,201,188
0.05,0.25,0.2,0.45,0.05,13552060,206,201,188
0.05,0.3,0.2,0.2,0.25,13552060,206,201,188
0.15,0.15,0.25,0.4,0.05,13552058,206,201,186
0.2,0.25,0.05,0.25,0.25,13552055,206,201,183
0.25,0.2,0.05,0.25,0.25,13552053,206,201,181
0.05,0.3,0.2,0.4,0.05,13551295,206,198,191
0.05,0.05,0.45,0.2,0.25,13551292,206,198,188
0.05,0.2,0.3,0.2,0.25,13551292,206,198,188
0.05,0.25,0.1,0.3,0.3,13551292,206,198,188
0.05,0.25,0.15,0.25,0.3,13551290,206,198,186
0.05,0.25,0.15,0.5,0.05,13551290,206,198,186
0.15,0.1,0.25,0.45,0.05,13551290,206,198,186
0.15,0.15,0.2,0.45,0.05,13551287,206,198,183
0.3,0.15,0.05,0.25,0.25,13551277,206,198,173
0.1,0.05,0.35,0.25,0.25,13550780,206,196,188
0.3,0.1,0.1,0.25,0.25,13550765,206,196,173
0.1,0.15,0.3,0.2,0.25,13550007,206,193,183
0.15,0.15,0.15,0.25,0.3,13550005,206,193,181
0.1,0.1,0.5,0.1,0.2,13549493,206,191,181
0.1,0.1,0.25,0.25,0.3,13549490,206,191,178
0.15,0.1,0.2,0.25,0.3,13549490,206,191,178
0.05,0.1,0.05,0.3,0.5,13420993,204,201,193
0.05,0.05,0.25,0.55,0.1,13420220,204,198,188
0.05,0.1,0.25,0.5,0.1,13420220,204,198,188
0.05,0.2,0.15,0.3,0.3,13420220,204,198,188
0.05,0.2,0.15,0.55,0.05,13420218,204,198,186
0.05,0.2,0.25,0.45,0.05,13420218,204,198,186
0.05,0.25,0.25,0.4,0.05,13420218,204,198,186
0.1,0.15,0.2,0.5,0.05,13420218,204,198,186
0.1,0.2,0.25,0.4,0.05,13420218,204,198,186
0.1,0.25,0.1,0.25,0.3,13420215,204,198,183
0.15,0.1,0.2,0.5,0.05,13420215,204,198,183
0.15,0.2,0.05,0.3,0.3,13420215,204,198,183
0.05,0.05,0.05,0.3,0.55,13420210,204,198,178
0.05,0.05,0.35,0.25,0.3,13419711,204,196,191
0.05,0.15,0.2,0.3,0.3,13419708,204,196,188
0.05,0.15,0.25,0.25,0.3,13419706,204,196,186
0.05,0.2,0.2,0.25,0.3,13419706,204,196,186
0.05,0.2,0.2,0.5,0.05,13419703,204,196,183
0.1,0.15,0.25,0.45,0.05,13419703,204,196,183
0.1,0.15,0.3,0.4,0.05,13419703,204,196,183
0.1,0.2,0.15,0.25,0.3,13419703,204,196,183
0.05,0.3,0.05,0.3,0.3,13418938,204,193,186
0.1,0.05,0.4,0.2,0.25,13418938,204,193,186
0.15,0.25,0.05,0.25,0.3,13418938,204,193,186
0.15,0.2,0.1,0.25,0.3,13418935,204,193,183
0.1,0.05,0.25,0.3,0.3,13418933,204,193,181
0.1,0.05,0.5,0.15,0.2,13418421,204,191,181
0.15,0.05,0.45,0.15,0.2,13417655,204,188,183
0.1,0.05,0.35,0.2,0.3,13417653,204,188,181
0.15,0.05,0.3,0.2,0.3,13417653,204,188,181
0.05,0.15,0.05,0.3,0.45,13224380,201,201,188
0.05,0.2,0.05,0.3,0.4,13223610,201,198,186
0.05,0.25,0.05,0.3,0.35,13223610,201,198,186
0.05,0.15,0.2,0.55,0.05,13223098,201,196,186
0.05,0.2,0.3,0.4,0.05,13223098,201,196,186
0.05,0.2,0.05,0.35,0.35,13223095,201,196,183
0.1,0.1,0.25,0.5,0.05,13223095,201,196,183
0.2,0.15,0.05,0.3,0.3,13223090,201,196,178
0.05,0.1,0.3,0.25,0.3,13222330,201,193,186
0.1,0.05,0.25,0.55,0.05,13222327,201,193,183
0.1,0.05,0.3,0.5,0.05,13222327,201,193,183
0.1,0.1,0.3,0.45,0.05,13222327,201,193,183
0.05,0.15,0.25,0.5,0.05,13222325,201,193,181
0.25,0.1,0.05,0.3,0.3,13222317,201,193,173
0.05,0.05,0.4,0.2,0.3,13221815,201,191,183
0.1,0.1,0.35,0.2,0.25,13221815,201,191,183
0.3,0.05,0.05,0.3,0.3,13221805,201,191,173
0.3,0.05,0.15,0.25,0.25,13221805,201,191,173
0.15,0.05,0.25,0.25,0.3,13221047,201,188,183
0.1,0.1,0.15,0.3,0.35,13221045,201,188,181
0.1,0.15,0.2,0.25,0.3,13221045,201,188,181
0.1,0.05,0.2,0.3,0.35,13221042,201,188,178
0.05,0.05,0.05,0.35,0.5,13026490,198,196,186
0.05,0.2,0.1,0.3,0.35,13026487,198,196,183
0.1,0.2,0.05,0.3,0.35,13026487,198,196,183
0.05,0.05,0.2,0.35,0.35,13025722,198,193,186
0.05,0.1,0.2,0.3,0.35,13025719,198,193,183
0.05,0.1,0.25,0.55,0.05,13025719,198,193,183
0.05,0.1,0.3,0.5,0.05,13025719,198,193,183
0.05,0.15,0.15,0.3,0.35,13025719,198,193,183
0.05,0.15,0.3,0.45,0.05,13025717,198,193,181
0.1,0.15,0.05,0.35,0.35,13025717,198,193,181
0.05,0.1,0.15,0.35,0.35,13025210,198,191,186
0.05,0.15,0.1,0.35,0.35,13025207,198,191,183
0.05,0.05,0.3,0.55,0.05,13025205,198,191,181
0.15,0.1,0.1,0.3,0.35,13025205,198,191,181
0.25,0.05,0.1,0.3,0.3,13025197,198,191,173
0.1,0.05,0.3,0.25,0.3,13024439,198,188,183
0.2,0.05,0.2,0.25,0.3,13024439,198,188,183
0.1,0.15,0.1,0.3,0.35,13024437,198,188,181
0.15,0.05,0.15,0.3,0.35,13024434,198,188,178
0.05,0.1,0.05,0.35,0.45,12894650,196,193,186
0.05,0.15,0.05,0.35,0.4,12894647,196,193,183
0.15,0.1,0.05,0.35,0.35,12894645,196,193,181
0.05,0.05,0.15,0.35,0.4,12894135,196,191,183
0.05,0.05,0.35,0.5,0.05,12894133,196,191,181
0.05,0.1,0.1,0.35,0.4,12894133,196,191,181
0.05,0.1,0.35,0.45,0.05,12894133,196,191,181
0.2,0.05,0.05,0.35,0.35,12894130,196,191,178
0.05,0.05,0.25,0.3,0.35,12893365,196,188,181
0.1,0.05,0.1,0.35,0.4,12893365,196,188,181
0.05,0.05,0.05,0.4,0.45,12697527,193,191,183
0.1,0.05,0.05,0.4,0.4,12697525,193,191,181
0.1,0.1,0.05,0.35,0.4,12696757,193,188,181
